Area,Celula,CentroideCoordenadaX,CentroideCoordenadaY
10.0,0,242.74000549316406,245.5
18.0,1,118.27777862548828,246.75926208496094
627.5,2,172.5,219.5
564.0,3,42.20512771606445,193.08973693847656
609.0,4,102.0,165.5
638.5,5,210.0,155.0
316.5,6,22.5,113.5
629.0,7,210.0,106.0
682.5,8,178.5,76.0
307.0,9,75.0,66.5
13.0,10,249.6445770263672,52.93373489379883
419.0,11,127.0,53.0
361.5,12,194.609375,40.28125
52.5,13,109.5,25.0
10.5,14,102.0,10.0
6.0,15,153.5,3.7727272510528564
6.0,16,64.0,8.5
