Area,Celula,CentroideCoordenadaX,CentroideCoordenadaY
5.5,0,3.5,247.5
10.0,1,16.957143783569336,203.5
788.5,2,46.45918273925781,158.7602081298828
8.0,3,9.97826099395752,138.5
439.5,4,48.911766052246094,128.7941131591797
513.0,5,162.03448486328125,114.95689392089844
499.5,6,115.5,110.5
7.0,7,1.0,100.0
581.5,8,224.0,77.5
461.0,9,56.5,65.5
437.0,10,121.5,47.5
650.0,11,162.5,42.5
9.0,12,5.5,20.5
15.0,13,196.0,13.806451797485352
9.0,14,111.5,5.142857074737549
12.0,15,54.0,11.0
