Area,Celula,CentroideCoordenadaX,CentroideCoordenadaY
413.0,0,50.280487060546875,199.28048706054688
17.0,1,10.0,197.5
446.5,2,210.5,180.5
452.5,3,74.5,159.5
471.5,4,236.5,159.5
551.5,5,133.0,145.5
16.0,6,1.5,137.0
512.0,7,151.0,111.0
21.0,8,10.98910903930664,109.60494995117188
525.0,9,66.75806427001953,66.0
3.0,10,252.5,6.0
