Area,Celula,CentroideCoordenadaX,CentroideCoordenadaY
6.0,0,161.0,251.0
401.5,1,227.0,224.5
698.5,2,189.0,224.5
456.5,3,118.5,200.5
14.5,4,247.0,170.5
616.5,5,106.0,141.0
7.0,6,5.5,132.5
12.0,7,249.125,54.5
409.0,8,179.28260803222656,47.10869598388672
8.0,9,115.0,6.5
