Area,Celula,CentroideCoordenadaX,CentroideCoordenadaY
2.0,0,208.0,253.5
0.0,1,255.0,225.0
0.0,2,255.0,221.0
345.0,3,242.0,229.5
307.0,4,170.5,189.0
336.5,5,195.09176635742188,98.69620513916016
12.0,6,246.5,90.5
847.5,7,203.3955535888672,71.30367279052734
383.5,8,225.2179412841797,19.21794891357422
9.0,9,239.5,8.147058486938477
8.0,10,186.5,5.57692289352417
