Area,Celula,CentroideCoordenadaX,CentroideCoordenadaY
21.5,0,115.5,227.0
5.0,1,253.0,229.5
728.0,2,160.406982421875,221.31394958496094
14.0,3,7.15625,192.0
16.0,4,242.5,171.0
0.0,5,255.0,143.0
0.0,6,255.0,138.0
378.5,7,239.0,134.5
563.0,8,103.4142837524414,134.5
437.0,9,187.5,127.5
536.5,10,199.5,77.5
443.0,11,117.0,77.5
557.5,12,80.5,48.0
482.5,13,157.5,35.5
9.5,14,244.0,10.0
8.0,15,198.0,3.75
12.0,16,107.0,7.176470756530762
9.0,17,48.5,10.916666984558105
