Area,Celula,CentroideCoordenadaX,CentroideCoordenadaY
326.0,0,74.0,235.90383911132812
477.5,1,133.31817626953125,225.40908813476562
537.5,2,34.0,231.0
45.0,3,105.8125,180.5
404.0,4,36.5,161.5
616.0,5,65.5,112.0
10.0,6,2.9666666984558105,100.5
535.5,7,133.0,101.0
319.0,8,32.0,69.5
336.0,9,16.0,53.5
11.0,10,41.0,5.041666507720947
