Area,Celula,CentroideCoordenadaX,CentroideCoordenadaY
19.5,0,115.5,227.0
6.0,1,253.5,229.5
719.5,2,160.406982421875,221.31394958496094
14.0,3,6.970588207244873,192.0
14.0,4,242.5,171.0
0.0,5,255.0,143.0
0.0,6,255.0,138.0
369.0,7,239.0,134.5
543.0,8,103.5,134.0
427.5,9,188.0,126.5
528.5,10,199.5,77.5
436.5,11,116.5,77.5
551.5,12,80.5,48.05263137817383
478.0,13,157.5,35.0
9.5,14,244.0,10.0
7.0,15,198.0,3.75
11.0,16,107.0,7.0
9.0,17,48.5,10.916666984558105
