Area,Celula,CentroideCoordenadaX,CentroideCoordenadaY
11.0,0,238.5,244.80435180664062
18.5,1,14.375,241.25
15.5,2,164.0,214.0
8.0,3,241.0,194.5
5.0,4,143.0,155.5
837.5,5,69.0,174.5
549.0,6,199.5,158.5
50.5,7,144.0,153.0
542.5,8,109.0,146.0
5.0,9,251.0,129.0
895.0,10,38.0,136.5
9.0,11,1.625,75.5
417.5,12,103.0,73.5
414.5,13,140.94186401367188,62.17441940307617
481.0,14,63.0,47.0
663.5,15,192.5,35.5
6.0,16,35.5,3.125
