Area,Celula,CentroideCoordenadaX,CentroideCoordenadaY
311.0,0,73.0,235.60000610351562
470.0,1,133.31817626953125,225.40908813476562
509.0,2,34.5,230.5
0.0,3,100.0,176.0
260.0,4,90.0,181.5
322.5,5,115.72105407714844,178.64736938476562
387.5,6,37.0,162.0
606.5,7,65.5,112.0
9.0,8,3.607142925262451,100.0
530.5,9,133.5,101.0
306.5,10,32.0,69.5
315.0,11,15.357142448425293,53.21428680419922
12.0,12,41.5,5.0
