Area,Celula,CentroideCoordenadaX,CentroideCoordenadaY
328.0,0,74.0,235.90383911132812
477.5,1,133.31817626953125,225.40908813476562
540.0,2,33.0,231.5
691.0,3,105.8125,180.5
404.0,4,36.5,161.5
617.0,5,65.5,112.0
10.0,6,2.9666666984558105,100.5
538.5,7,133.0,101.0
0.0,8,20.0,65.0
320.5,9,32.0,69.5
339.0,10,16.0,53.5
11.0,11,41.0,5.041666507720947
