Area,Celula,CentroideCoordenadaX,CentroideCoordenadaY
21.5,0,115.5,227.0
6.0,1,253.0,229.5
727.0,2,160.406982421875,221.31394958496094
14.0,3,7.15625,192.0
15.0,4,242.5,171.0
378.5,5,239.0,134.5
564.0,6,103.5,134.5
437.0,7,187.5,127.5
537.5,8,199.5,77.5
443.0,9,117.0,77.5
559.5,10,80.5,48.0
485.5,11,157.5,35.5
9.5,12,244.0,10.0
8.0,13,198.0,3.75
12.0,14,107.0,7.176470756530762
9.0,15,48.5,11.100000381469727
