Area,Celula,CentroideCoordenadaX,CentroideCoordenadaY
0.0,0,0.0,245.0
9.0,1,238.5,244.77272033691406
19.0,2,15.72449016571045,241.4959259033203
492.0,3,164.0,213.0
11.0,4,240.66128540039062,194.0
857.0,5,69.5,174.5
555.0,6,199.5,159.0
50.5,7,144.5,154.0
550.5,8,109.0,146.0
6.0,9,251.5,129.5
911.0,10,37.5,136.0
10.0,11,2.0714285373687744,75.5
427.5,12,102.5,73.0
419.5,13,140.94186401367188,62.17441940307617
491.0,14,64.0,47.0
674.0,15,192.85337829589844,35.439849853515625
6.0,16,36.0,3.5
