Area,Celula,CentroideCoordenadaX,CentroideCoordenadaY
353.0,0,40.73255920410156,238.26744079589844
460.0,1,83.5,187.0
272.5,2,137.5,151.5
748.0,3,101.5,126.0
554.5,4,34.5,118.5
384.5,5,188.0,109.0
7.0,6,252.0,48.5
5.0,7,222.0,2.5
