Area,Celula,CentroideCoordenadaX,CentroideCoordenadaY
6.0,0,161.0,250.9545440673828
403.5,1,227.0,224.5
702.5,2,189.0,224.5
458.5,3,118.5,200.5
14.5,4,247.5,170.5
621.5,5,106.0,141.0
8.0,6,5.5,132.5
12.0,7,249.125,54.5
409.0,8,179.28260803222656,47.10869598388672
8.0,9,115.0,6.5
